url,env,type,lastmod,source_sitemap,suspects
https://lacasadelascarcasas.es/samsung/samsung-galaxy-z-flip4/funda-acrilica-con-anillo-para-samsung-galaxy-z-flip4-p/,shopify,product,2026-05-25T17:19:12Z,apex_products_1.xml,
https://lacasadelascarcasas.es/samsung/samsung-galaxy-z-fold-4/funda-acrilica-con-anillo-para-samsung-galaxy-z-fold-4-p/,shopify,product,2026-05-25T17:19:12Z,apex_products_1.xml,
https://lacasadelascarcasas.es/apple/iphone-14-pro/funda-bumper-reforzada-degradada-compatible-con-magsafe-para-iphone-14-pro-p/,shopify,product,2026-05-25T17:19:12Z,apex_products_1.xml,
https://lacasadelascarcasas.es/samsung/samsung-galaxy-a52s-5g/funda-ultra-suave-para-samsung-galaxy-a52s-5g-p/,shopify,product,2026-05-25T17:19:12Z,apex_products_1.xml,
https://lacasadelascarcasas.es/oppo/oppo-a73-4g/funda-ultra-suave-para-oppo-a73-4g-p/,shopify,product,2026-05-25T17:19:12Z,apex_products_1.xml,
https://lacasadelascarcasas.es/apple/iphone-12-mini/funda-ultra-suave-para-iphone-12-mini-p/,shopify,product,2026-05-25T17:19:12Z,apex_products_1.xml,
https://lacasadelascarcasas.es/honor/huawei-honor-20/funda-ultra-suave-para-huawei-honor-20-p/,shopify,product,2026-05-25T17:19:12Z,apex_products_1.xml,
https://lacasadelascarcasas.es/samsung/samsung-galaxy-a71/funda-ultra-suave-para-samsung-galaxy-a71-p/,shopify,product,2026-05-25T17:19:12Z,apex_products_1.xml,
https://lacasadelascarcasas.es/samsung/samsung-galaxy-s20-ultra/funda-ultra-suave-para-samsung-galaxy-s20-ultra-p/,shopify,product,2026-05-25T17:19:12Z,apex_products_1.xml,
https://lacasadelascarcasas.es/xiaomi/xiaomi-mi-a3/funda-ultra-suave-para-xiaomi-mi-a3-p/,shopify,product,2026-05-25T17:19:12Z,apex_products_1.xml,
https://lacasadelascarcasas.es/huawei/huawei-p30/funda-ultra-suave-para-huawei-p30-p/,shopify,product,2026-05-25T17:19:12Z,apex_products_1.xml,
https://lacasadelascarcasas.es/huawei/huawei-p30-lite/funda-ultra-suave-para-huawei-p30-lite-p/,shopify,product,2026-05-25T17:19:12Z,apex_products_1.xml,
https://lacasadelascarcasas.es/apple/iphone-xs-max/funda-ultra-suave-para-iphone-xs-max-p/,shopify,product,2026-05-25T17:19:12Z,apex_products_1.xml,
https://lacasadelascarcasas.es/apple/iphone-13/funda-iron-logo-compatible-con-magsafe-para-iphone-13-p/,shopify,product,2026-05-25T17:19:12Z,apex_products_1.xml,
https://lacasadelascarcasas.es/apple/iphone-12/funda-iron-logo-compatible-con-magsafe-para-iphone-12-p/,shopify,product,2026-05-25T17:19:12Z,apex_products_1.xml,
https://lacasadelascarcasas.es/apple/iphone-16-pro-max/funda-glitter-business-compatible-con-magsafe-para-iphone-16-pro-max-p/,shopify,product,2026-05-25T17:19:12Z,apex_products_1.xml,
https://lacasadelascarcasas.es/samsung/samsung-galaxy-s25-ultra/funda-ultra-suave-compatible-con-magsafe-para-samsung-galaxy-s25-ultra-p/,shopify,product,2026-05-25T17:19:12Z,apex_products_1.xml,
https://lacasadelascarcasas.es/apple/iphone-16-pro-max/funda-ultra-suave-compatible-con-magsafe-para-iphone-16-pro-max-p/,shopify,product,2026-05-25T17:19:12Z,apex_products_1.xml,
https://lacasadelascarcasas.es/samsung/samsung-galaxy-s24-plus/funda-ultra-suave-compatible-con-magsafe-para-samsung-galaxy-s24-plus-p/,shopify,product,2026-05-25T17:19:12Z,apex_products_1.xml,
https://lacasadelascarcasas.es/apple/iphone-12-pro-max/funda-ultra-suave-compatible-con-magsafe-para-iphone-12-pro-max-p/,shopify,product,2026-05-25T17:19:12Z,apex_products_1.xml,
https://lacasadelascarcasas.es/apple/iphone-14-pro/funda-ultra-suave-compatible-con-magsafe-para-iphone-14-pro-p/,shopify,product,2026-05-25T17:19:12Z,apex_products_1.xml,
https://lacasadelascarcasas.es/samsung/samsung-galaxy-z-fold-5/funda-libro-espejo-para-samsung-galaxy-z-fold-5-p/,shopify,product,2026-05-25T17:19:12Z,apex_products_1.xml,
https://lacasadelascarcasas.es/apple/iphone-15-pro/funda-360-para-iphone-15-pro-p/,shopify,product,2026-05-25T17:19:12Z,apex_products_1.xml,
https://lacasadelascarcasas.es/samsung/samsung-galaxy-tab-a8-2021/tablet-transparente-para-samsung-galaxy-tab-a8-2021-p/,shopify,product,2026-05-25T17:19:12Z,apex_products_1.xml,
https://lacasadelascarcasas.es/samsung/samsung-galaxy-tab-s10-plus/fundas-tablet-para-samsung-galaxy-tab-s10-plus-p/,shopify,product,2026-05-25T17:19:12Z,apex_products_1.xml,
https://lacasadelascarcasas.es/apple/ipad-pro-11-2024/funda-flip-cover-giratoria-para-tablet-para-ipad-pro-11-2024-p/,shopify,product,2026-05-25T17:19:12Z,apex_products_1.xml,
https://lacasadelascarcasas.es/apple/iphone-16/funda-bumper-con-vaso-de-purpurina-para-iphone-16-p/,shopify,product,2026-05-25T17:19:12Z,apex_products_1.xml,
https://lacasadelascarcasas.es/apple/iphone-15/funda-bumper-con-vaso-de-purpurina-para-iphone-15-p/,shopify,product,2026-05-25T17:19:12Z,apex_products_1.xml,
https://lacasadelascarcasas.es/apple/iphone-16-pro/funda-bumper-con-vaso-de-purpurina-para-iphone-16-pro-p/,shopify,product,2026-05-25T17:19:12Z,apex_products_1.xml,
https://lacasadelascarcasas.es/apple/iphone-14-pro-max/funda-bumper-con-vaso-de-purpurina-para-iphone-14-pro-max-p/,shopify,product,2026-05-25T17:19:12Z,apex_products_1.xml,
https://lacasadelascarcasas.es/apple/iphone-16/funda-ultra-suave-colgante-para-iphone-16-p/,shopify,product,2026-05-25T17:19:12Z,apex_products_1.xml,
https://lacasadelascarcasas.es/apple/iphone-15-pro/funda-ultra-suave-colgante-para-iphone-15-pro-p/,shopify,product,2026-05-25T17:19:12Z,apex_products_1.xml,
https://lacasadelascarcasas.es/apple/iphone-13-mini/funda-ultra-suave-colgante-para-iphone-13-mini-p/,shopify,product,2026-05-25T17:19:12Z,apex_products_1.xml,
https://lacasadelascarcasas.es/apple/iphone-13-pro/funda-ultra-suave-colgante-para-iphone-13-pro-p/,shopify,product,2026-05-25T17:19:12Z,apex_products_1.xml,
https://lacasadelascarcasas.es/apple/iphone-11/funda-ultra-suave-colgante-para-iphone-11-p/,shopify,product,2026-05-25T17:19:12Z,apex_products_1.xml,
https://lacasadelascarcasas.es/apple/iphone-16/funda-bumper-compatible-con-magsafe-para-iphone-16-p/,shopify,product,2026-05-25T17:19:12Z,apex_products_1.xml,
https://lacasadelascarcasas.es/apple/accesorios-iphone/cristal-templado-completo-antiespia-para-iphone-16-p/,shopify,product,2026-05-25T17:19:12Z,apex_products_1.xml,
https://lacasadelascarcasas.es/apple/accesorios-iphone/cristal-templado-irrompible-antiespia-para-iphone-16-p/,shopify,product,2026-05-25T17:19:12Z,apex_products_1.xml,
https://lacasadelascarcasas.es/apple/accesorios-iphone/cubre-objetivo-brillo-para-iphone-16-p/,shopify,product,2026-05-25T17:19:12Z,apex_products_1.xml,
https://lacasadelascarcasas.es/xiaomi/xiaomi-redmi-note-13-5g/funda-bumper-3-en-1-para-xiaomi-redmi-note-13-5g-p/,shopify,product,2026-05-25T17:19:12Z,apex_products_1.xml,
https://lacasadelascarcasas.es/samsung/samsung-galaxy-z-fold-7/funda-acrilica-con-anillo-para-samsung-galaxy-z-fold-7-p/,shopify,product,2026-05-25T17:19:12Z,apex_products_1.xml,
https://lacasadelascarcasas.es/samsung/samsung-galaxy-z-flip-7/funda-acrilica-con-anillo-para-samsung-galaxy-z-flip-7-p/,shopify,product,2026-05-25T17:19:12Z,apex_products_1.xml,
https://lacasadelascarcasas.es/samsung/samsung-galaxy-a36-5g/funda-brillantes-para-samsung-galaxy-a36-5g-p/,shopify,product,2026-05-25T17:19:12Z,apex_products_1.xml,
https://lacasadelascarcasas.es/samsung/samsung-galaxy-a56-5g/funda-brillantes-para-samsung-galaxy-a56-5g-p/,shopify,product,2026-05-25T17:19:12Z,apex_products_1.xml,
https://lacasadelascarcasas.es/samsung/samsung-galaxy-s25/funda-brillantes-para-samsung-galaxy-s25-p/,shopify,product,2026-05-25T17:19:12Z,apex_products_1.xml,
https://lacasadelascarcasas.es/samsung/samsung-galaxy-s24-fe/funda-brillantes-para-samsung-galaxy-s24-fe-p/,shopify,product,2026-05-25T17:19:12Z,apex_products_1.xml,
https://lacasadelascarcasas.es/apple/iphone-16-pro/funda-brillantes-para-iphone-16-pro-p/,shopify,product,2026-05-25T17:19:12Z,apex_products_1.xml,
https://lacasadelascarcasas.es/apple/iphone-16/funda-brillantes-para-iphone-16-p/,shopify,product,2026-05-25T17:19:12Z,apex_products_1.xml,
https://lacasadelascarcasas.es/samsung/samsung-galaxy-s24-plus/funda-brillantes-para-samsung-galaxy-s24-plus-p/,shopify,product,2026-05-25T17:19:12Z,apex_products_1.xml,
https://lacasadelascarcasas.es/apple/iphone-15-pro-max/funda-brillantes-para-iphone-15-pro-max-p/,shopify,product,2026-05-25T17:19:12Z,apex_products_1.xml,
https://lacasadelascarcasas.es/samsung/samsung-galaxy-s23-ultra/funda-brillantes-para-samsung-galaxy-s23-ultra-p/,shopify,product,2026-05-25T17:19:12Z,apex_products_1.xml,
https://lacasadelascarcasas.es/samsung/samsung-galaxy-a13-4g/funda-brillantes-para-samsung-galaxy-a13-4g-p/,shopify,product,2026-05-25T17:19:12Z,apex_products_1.xml,
https://lacasadelascarcasas.es/apple/iphone-13-pro-max/funda-brillantes-para-iphone-13-pro-max-p/,shopify,product,2026-05-25T17:19:12Z,apex_products_1.xml,
https://lacasadelascarcasas.es/apple/iphone-13-mini/funda-brillantes-para-iphone-13-mini-p/,shopify,product,2026-05-25T17:19:12Z,apex_products_1.xml,
https://lacasadelascarcasas.es/apple/iphone-11/funda-brillantes-para-iphone-11-p/,shopify,product,2026-05-25T17:19:12Z,apex_products_1.xml,
https://lacasadelascarcasas.es/apple/iphone-16e/funda-multiperlitas-para-iphone-16e-p/,shopify,product,2026-05-25T17:19:12Z,apex_products_1.xml,
https://lacasadelascarcasas.es/samsung/samsung-galaxy-a55-5g/funda-multiperlitas-para-samsung-galaxy-a55-5g-p/,shopify,product,2026-05-25T17:19:12Z,apex_products_1.xml,
https://lacasadelascarcasas.es/samsung/samsung-galaxy-s24-ultra/funda-multiperlitas-para-samsung-galaxy-s24-ultra-p/,shopify,product,2026-05-25T17:19:12Z,apex_products_1.xml,
https://lacasadelascarcasas.es/apple/iphone-xr/funda-multiperlitas-para-iphone-xr-p/,shopify,product,2026-05-25T17:19:12Z,apex_products_1.xml,
https://lacasadelascarcasas.es/apple/iphone-13/funda-multiperlitas-para-iphone-13-p/,shopify,product,2026-05-25T17:19:12Z,apex_products_1.xml,
https://lacasadelascarcasas.es/apple/iphone-11/funda-multiperlitas-para-iphone-11-p/,shopify,product,2026-05-25T17:19:12Z,apex_products_1.xml,
https://lacasadelascarcasas.es/apple/iphone-16-plus/funda-multiperlitas-para-iphone-16-plus-p/,shopify,product,2026-05-25T17:19:12Z,apex_products_1.xml,
https://lacasadelascarcasas.es/apple/iphone-14-pro/funda-ultra-suave-logo-para-iphone-14-pro-p/,shopify,product,2026-05-25T17:19:12Z,apex_products_1.xml,
https://lacasadelascarcasas.es/samsung/samsung-galaxy-z-flip3/funda-ultra-suave-ring-para-samsung-galaxy-z-flip3-p/,shopify,product,2026-05-25T17:19:12Z,apex_products_1.xml,
https://lacasadelascarcasas.es/samsung/samsung-galaxy-s25-ultra/funda-business-compatible-con-magsafe-para-samsung-galaxy-s25-ultra-p/,shopify,product,2026-05-25T17:19:12Z,apex_products_1.xml,
https://lacasadelascarcasas.es/samsung/samsung-galaxy-s23-ultra/funda-business-compatible-con-magsafe-para-samsung-galaxy-s23-ultra-p/,shopify,product,2026-05-25T17:19:12Z,apex_products_1.xml,
https://lacasadelascarcasas.es/apple/iphone-15-pro-max/funda-business-compatible-con-magsafe-para-iphone-15-pro-max-p/,shopify,product,2026-05-25T17:19:12Z,apex_products_1.xml,
https://lacasadelascarcasas.es/apple/iphone-14-pro/funda-business-compatible-con-magsafe-para-iphone-14-pro-p/,shopify,product,2026-05-25T17:19:12Z,apex_products_1.xml,
https://lacasadelascarcasas.es/apple/iphone-14/funda-business-compatible-con-magsafe-para-iphone-14-p/,shopify,product,2026-05-25T17:19:12Z,apex_products_1.xml,
https://lacasadelascarcasas.es/apple/iphone-16e/funda-bumper-reforzada-degradada-para-iphone-16e-p/,shopify,product,2026-05-25T17:19:12Z,apex_products_1.xml,
https://lacasadelascarcasas.es/apple/iphone-16/funda-bumper-reforzada-degradada-para-iphone-16-p/,shopify,product,2026-05-25T17:19:12Z,apex_products_1.xml,
https://lacasadelascarcasas.es/samsung/samsung-galaxy-a55-5g/funda-bumper-reforzada-degradada-para-samsung-galaxy-a55-5g-p/,shopify,product,2026-05-25T17:19:12Z,apex_products_1.xml,
https://lacasadelascarcasas.es/apple/iphone-15/funda-bumper-reforzada-degradada-para-iphone-15-p/,shopify,product,2026-05-25T17:19:12Z,apex_products_1.xml,
https://lacasadelascarcasas.es/samsung/samsung-galaxy-s24-plus/funda-bumper-reforzada-degradada-para-samsung-galaxy-s24-plus-p/,shopify,product,2026-05-25T17:19:12Z,apex_products_1.xml,
https://lacasadelascarcasas.es/apple/iphone-14-plus/funda-bumper-reforzada-degradada-para-iphone-14-plus-p/,shopify,product,2026-05-25T17:19:12Z,apex_products_1.xml,
https://lacasadelascarcasas.es/samsung/samsung-galaxy-a54-5g/funda-bumper-reforzada-degradada-para-samsung-galaxy-a54-5g-p/,shopify,product,2026-05-25T17:19:12Z,apex_products_1.xml,
https://lacasadelascarcasas.es/apple/iphone-16-plus/funda-bumper-reforzada-degradada-compatible-con-magsafe-para-iphone-16-plus-p/,shopify,product,2026-05-25T17:19:12Z,apex_products_1.xml,
https://lacasadelascarcasas.es/apple/iphone-16-pro-max/funda-bumper-reforzada-degradada-compatible-con-magsafe-para-iphone-16-pro-max-p/,shopify,product,2026-05-25T17:19:12Z,apex_products_1.xml,
https://lacasadelascarcasas.es/apple/iphone-16-pro/funda-bumper-reforzada-degradada-compatible-con-magsafe-para-iphone-16-pro-p/,shopify,product,2026-05-25T17:19:12Z,apex_products_1.xml,
https://lacasadelascarcasas.es/apple/iphone-13-pro-max/funda-bumper-reforzada-degradada-compatible-con-magsafe-para-iphone-13-pro-max-p/,shopify,product,2026-05-25T17:19:12Z,apex_products_1.xml,
https://lacasadelascarcasas.es/apple/iphone-12/funda-bumper-reforzada-degradada-compatible-con-magsafe-para-iphone-12-p/,shopify,product,2026-05-25T17:19:12Z,apex_products_1.xml,
https://lacasadelascarcasas.es/apple/iphone-15-pro/funda-bumper-reforzada-degradada-compatible-con-magsafe-para-iphone-15-pro-p/,shopify,product,2026-05-25T17:19:12Z,apex_products_1.xml,
https://lacasadelascarcasas.es/apple/iphone-12-pro/funda-bumper-compatible-con-magsafe-con-cubre-camara-para-iphone-12-pro-p/,shopify,product,2026-05-25T17:19:12Z,apex_products_1.xml,
https://lacasadelascarcasas.es/samsung/samsung-galaxy-s25-ultra/funda-bumper-compatible-con-magsafe-para-samsung-galaxy-s25-ultra-p/,shopify,product,2026-05-25T17:19:12Z,apex_products_1.xml,
https://lacasadelascarcasas.es/apple/iphone-x/funda-bumper-compatible-con-magsafe-para-iphone-x-p/,shopify,product,2026-05-25T17:19:12Z,apex_products_1.xml,
https://lacasadelascarcasas.es/apple/iphone-xr/funda-bumper-compatible-con-magsafe-para-iphone-xr-p/,shopify,product,2026-05-25T17:19:12Z,apex_products_1.xml,
https://lacasadelascarcasas.es/apple/iphone-15-pro/funda-bumper-compatible-con-magsafe-para-iphone-15-pro-p/,shopify,product,2026-05-25T17:19:12Z,apex_products_1.xml,
https://lacasadelascarcasas.es/apple/iphone-14-pro/funda-bumper-compatible-con-magsafe-para-iphone-14-pro-p/,shopify,product,2026-05-25T17:19:12Z,apex_products_1.xml,
https://lacasadelascarcasas.es/apple/iphone-16/funda-bumper-eco-para-iphone-16-p/,shopify,product,2026-05-25T17:19:12Z,apex_products_1.xml,
https://lacasadelascarcasas.es/apple/iphone-15-pro-max/funda-bumper-eco-para-iphone-15-pro-max-p/,shopify,product,2026-05-25T17:19:12Z,apex_products_1.xml,
https://lacasadelascarcasas.es/apple/iphone-14/funda-bumper-eco-para-iphone-14-p/,shopify,product,2026-05-25T17:19:12Z,apex_products_1.xml,
https://lacasadelascarcasas.es/apple/iphone-13/funda-bumper-eco-para-iphone-13-p/,shopify,product,2026-05-25T17:19:12Z,apex_products_1.xml,
https://lacasadelascarcasas.es/samsung/samsung-galaxy-a36-5g/funda-bumper-3-en-1-para-samsung-galaxy-a36-5g-p/,shopify,product,2026-05-25T17:19:12Z,apex_products_1.xml,
https://lacasadelascarcasas.es/samsung/samsung-galaxy-a53/funda-bumper-3-en-1-para-samsung-galaxy-a53-p/,shopify,product,2026-05-25T17:19:12Z,apex_products_1.xml,
https://lacasadelascarcasas.es/samsung/samsung-galaxy-a13-4g/funda-bumper-3-en-1-para-samsung-galaxy-a13-4g-p/,shopify,product,2026-05-25T17:19:12Z,apex_products_1.xml,
https://lacasadelascarcasas.es/samsung/samsung-galaxy-a52s-5g/funda-bumper-3-en-1-para-samsung-galaxy-a52s-5g-p/,shopify,product,2026-05-25T17:19:12Z,apex_products_1.xml,
https://lacasadelascarcasas.es/xiaomi/xiaomi-redmi-note-11-pro-5g/funda-bumper-3-en-1-para-xiaomi-redmi-note-11-pro-5g-p/,shopify,product,2026-05-25T17:19:12Z,apex_products_1.xml,
https://lacasadelascarcasas.es/samsung/samsung-galaxy-z-flip4/funda-blindaje-para-samsung-galaxy-z-flip4-p/,shopify,product,2026-05-25T17:19:12Z,apex_products_1.xml,
https://lacasadelascarcasas.es/samsung/samsung-galaxy-a16-5g/funda-blindaje-con-anillo-para-samsung-galaxy-a16-5g-p/,shopify,product,2026-05-25T17:19:12Z,apex_products_1.xml,
https://lacasadelascarcasas.es/samsung/samsung-galaxy-a55-5g/funda-blindaje-con-anillo-para-samsung-galaxy-a55-5g-p/,shopify,product,2026-05-25T17:19:12Z,apex_products_1.xml,
https://lacasadelascarcasas.es/samsung/samsung-galaxy-z-fold-5/funda-acrilica-con-anillo-para-samsung-galaxy-z-fold-5-p/,shopify,product,2026-05-25T17:19:12Z,apex_products_1.xml,
https://lacasadelascarcasas.es/apple/iphone-16/funda-ultra-suave-para-iphone-16-p/,shopify,product,2026-05-25T17:19:12Z,apex_products_1.xml,
https://lacasadelascarcasas.es/oppo/oppo-a53/funda-ultra-suave-para-oppo-a53-p/,shopify,product,2026-05-25T17:19:12Z,apex_products_1.xml,
https://lacasadelascarcasas.es/samsung/samsung-galaxy-s20-fe/funda-ultra-suave-para-samsung-galaxy-s20-fe-p/,shopify,product,2026-05-25T17:19:12Z,apex_products_1.xml,
https://lacasadelascarcasas.es/xiaomi/xiaomi-poco-x3/funda-ultra-suave-para-xiaomi-poco-x3-p/,shopify,product,2026-05-25T17:19:12Z,apex_products_1.xml,
https://lacasadelascarcasas.es/xiaomi/xiaomi-redmi-9a/funda-ultra-suave-para-xiaomi-redmi-9a-p/,shopify,product,2026-05-25T17:19:12Z,apex_products_1.xml,
https://lacasadelascarcasas.es/apple/iphone-12-pro-max/funda-ultra-suave-para-iphone-12-pro-max-p/,shopify,product,2026-05-25T17:19:12Z,apex_products_1.xml,
https://lacasadelascarcasas.es/xiaomi/xiaomi-mi-note-10-lite/funda-ultra-suave-para-xiaomi-mi-note-10-lite-p/,shopify,product,2026-05-25T17:19:12Z,apex_products_1.xml,
https://lacasadelascarcasas.es/xiaomi/xiaomi-mi-note-10/funda-ultra-suave-para-xiaomi-mi-note-10-p/,shopify,product,2026-05-25T17:19:12Z,apex_products_1.xml,
https://lacasadelascarcasas.es/apple/iphone-11-pro-max/funda-ultra-suave-para-iphone-11-pro-max-p/,shopify,product,2026-05-25T17:19:12Z,apex_products_1.xml,
https://lacasadelascarcasas.es/apple/iphone-15-pro-max/funda-iron-logo-compatible-con-magsafe-para-iphone-15-pro-max-p/,shopify,product,2026-05-25T17:19:12Z,apex_products_1.xml,
https://lacasadelascarcasas.es/samsung/samsung-galaxy-s25-plus/funda-ultra-suave-compatible-con-magsafe-para-samsung-galaxy-s25-plus-p/,shopify,product,2026-05-25T17:19:12Z,apex_products_1.xml,
https://lacasadelascarcasas.es/apple/iphone-16e/funda-ultra-suave-compatible-con-magsafe-para-iphone-16e-p/,shopify,product,2026-05-25T17:19:12Z,apex_products_1.xml,
https://lacasadelascarcasas.es/samsung/samsung-galaxy-s25/funda-ultra-suave-compatible-con-magsafe-para-samsung-galaxy-s25-p/,shopify,product,2026-05-25T17:19:12Z,apex_products_1.xml,
https://lacasadelascarcasas.es/apple/iphone-16-plus/funda-ultra-suave-compatible-con-magsafe-para-iphone-16-plus-p/,shopify,product,2026-05-25T17:19:12Z,apex_products_1.xml,
https://lacasadelascarcasas.es/apple/iphone-16-pro/funda-ultra-suave-compatible-con-magsafe-para-iphone-16-pro-p/,shopify,product,2026-05-25T17:19:12Z,apex_products_1.xml,
https://lacasadelascarcasas.es/apple/iphone-16/funda-ultra-suave-compatible-con-magsafe-para-iphone-16-p/,shopify,product,2026-05-25T17:19:12Z,apex_products_1.xml,
https://lacasadelascarcasas.es/apple/iphone-15-pro-max/funda-ultra-suave-compatible-con-magsafe-para-iphone-15-pro-max-p/,shopify,product,2026-05-25T17:19:12Z,apex_products_1.xml,
https://lacasadelascarcasas.es/apple/iphone-14-pro-max/funda-ultra-suave-compatible-con-magsafe-para-iphone-14-pro-max-p/,shopify,product,2026-05-25T17:19:12Z,apex_products_1.xml,
https://lacasadelascarcasas.es/apple/iphone-13/funda-ultra-suave-compatible-con-magsafe-para-iphone-13-p/,shopify,product,2026-05-25T17:19:12Z,apex_products_1.xml,
https://lacasadelascarcasas.es/apple/iphone-12/funda-ultra-suave-compatible-con-magsafe-para-iphone-12-p/,shopify,product,2026-05-25T17:19:12Z,apex_products_1.xml,
https://lacasadelascarcasas.es/apple/iphone-14-pro/funda-360-para-iphone-14-pro-p/,shopify,product,2026-05-25T17:19:12Z,apex_products_1.xml,
https://lacasadelascarcasas.es/apple/iphone-14-pro-max/funda-360-para-iphone-14-pro-max-p/,shopify,product,2026-05-25T17:19:12Z,apex_products_1.xml,
https://lacasadelascarcasas.es/apple/iphone-12-pro/funda-360-para-iphone-12-pro-p/,shopify,product,2026-05-25T17:19:12Z,apex_products_1.xml,
https://lacasadelascarcasas.es/apple/iphone-16/funda-360-para-iphone-16-p/,shopify,product,2026-05-25T17:19:12Z,apex_products_1.xml,
https://lacasadelascarcasas.es/apple/ipad-5-new/tablet-transparente-para-ipad-5-new-p/,shopify,product,2026-05-25T17:19:12Z,apex_products_1.xml,
https://lacasadelascarcasas.es/samsung/samsung-galaxy-tab-s10-fe-plus/fundas-tablet-para-samsung-galaxy-tab-s10-fe-plus-p/,shopify,product,2026-05-25T17:19:12Z,apex_products_1.xml,
https://lacasadelascarcasas.es/xiaomi/xiaomi-pad-7/fundas-tablet-para-xiaomi-pad-7-p/,shopify,product,2026-05-25T17:19:12Z,apex_products_1.xml,
https://lacasadelascarcasas.es/lenovo/lenovo-tab-p12/fundas-tablet-para-lenovo-tab-p12-p/,shopify,product,2026-05-25T17:19:12Z,apex_products_1.xml,
https://lacasadelascarcasas.es/xiaomi/xiaomi-pad-6/fundas-tablet-para-xiaomi-pad-6-p/,shopify,product,2026-05-25T17:19:12Z,apex_products_1.xml,
https://lacasadelascarcasas.es/apple/ipad-mini-6/funda-flip-cover-giratoria-para-tablet-para-ipad-mini-6-p/,shopify,product,2026-05-25T17:19:12Z,apex_products_1.xml,
https://lacasadelascarcasas.es/apple/iphone-14/funda-bumper-con-vaso-de-purpurina-para-iphone-14-p/,shopify,product,2026-05-25T17:19:12Z,apex_products_1.xml,
https://lacasadelascarcasas.es/apple/iphone-14-pro/funda-bumper-con-vaso-de-purpurina-para-iphone-14-pro-p/,shopify,product,2026-05-25T17:19:12Z,apex_products_1.xml,
https://lacasadelascarcasas.es/apple/iphone-13-pro/funda-bumper-con-vaso-de-purpurina-para-iphone-13-pro-p/,shopify,product,2026-05-25T17:19:12Z,apex_products_1.xml,
https://lacasadelascarcasas.es/apple/iphone-13-pro-max/funda-bumper-con-vaso-de-purpurina-para-iphone-13-pro-max-p/,shopify,product,2026-05-25T17:19:12Z,apex_products_1.xml,
https://lacasadelascarcasas.es/apple/iphone-12-pro-max/funda-bumper-con-vaso-de-purpurina-para-iphone-12-pro-max-p/,shopify,product,2026-05-25T17:19:12Z,apex_products_1.xml,
https://lacasadelascarcasas.es/apple/iphone-16e/funda-ultra-suave-colgante-para-iphone-16e-p/,shopify,product,2026-05-25T17:19:12Z,apex_products_1.xml,
https://lacasadelascarcasas.es/apple/iphone-15-pro-max/funda-ultra-suave-colgante-para-iphone-15-pro-max-p/,shopify,product,2026-05-25T17:19:12Z,apex_products_1.xml,
https://lacasadelascarcasas.es/apple/iphone-13/funda-ultra-suave-colgante-para-iphone-13-p/,shopify,product,2026-05-25T17:19:12Z,apex_products_1.xml,
https://lacasadelascarcasas.es/apple/iphone-12/funda-ultra-suave-colgante-para-iphone-12-p/,shopify,product,2026-05-25T17:19:12Z,apex_products_1.xml,
https://lacasadelascarcasas.es/samsung/samsung-galaxy-z-flip-7fe/funda-ultra-suave-ring-para-samsung-galaxy-z-flip-7fe-p/,shopify,product,2026-05-25T17:19:12Z,apex_products_1.xml,
https://lacasadelascarcasas.es/google/google-pixel-10-pro-xl/funda-bumper-ultra-suave-compatible-con-magsafe-para-google-pixel-10-pro-xl-p/,shopify,product,2026-05-25T17:19:12Z,apex_products_1.xml,
https://lacasadelascarcasas.es/apple/accesorios-iphone/cristal-templado-completo-para-iphone-16-p/,shopify,product,2026-05-25T17:19:12Z,apex_products_1.xml,
https://lacasadelascarcasas.es/apple/accesorios-iphone/cubre-objetivo-trenzado-para-iphone-16-p/,shopify,product,2026-05-25T17:19:12Z,apex_products_1.xml,
https://lacasadelascarcasas.es/apple/iphone-16e/funda-brillantes-para-iphone-16e-p/,shopify,product,2026-05-25T17:19:12Z,apex_products_1.xml,
https://lacasadelascarcasas.es/xiaomi/xiaomi-redmi-13-4g/funda-brillantes-para-xiaomi-redmi-13-4g-p/,shopify,product,2026-05-25T17:19:12Z,apex_products_1.xml,
https://lacasadelascarcasas.es/apple/iphone-16-plus/funda-brillantes-para-iphone-16-plus-p/,shopify,product,2026-05-25T17:19:12Z,apex_products_1.xml,
https://lacasadelascarcasas.es/samsung/samsung-galaxy-a25-5g/funda-brillantes-para-samsung-galaxy-a25-5g-p/,shopify,product,2026-05-25T17:19:12Z,apex_products_1.xml,
https://lacasadelascarcasas.es/samsung/samsung-galaxy-s24/funda-brillantes-para-samsung-galaxy-s24-p/,shopify,product,2026-05-25T17:19:12Z,apex_products_1.xml,
https://lacasadelascarcasas.es/samsung/samsung-galaxy-s23/funda-brillantes-para-samsung-galaxy-s23-p/,shopify,product,2026-05-25T17:19:12Z,apex_products_1.xml,
https://lacasadelascarcasas.es/samsung/samsung-galaxy-s21-fe/funda-brillantes-para-samsung-galaxy-s21-fe-p/,shopify,product,2026-05-25T17:19:12Z,apex_products_1.xml,
https://lacasadelascarcasas.es/apple/iphone-13-pro/funda-brillantes-para-iphone-13-pro-p/,shopify,product,2026-05-25T17:19:12Z,apex_products_1.xml,
https://lacasadelascarcasas.es/apple/iphone-13/funda-brillantes-para-iphone-13-p/,shopify,product,2026-05-25T17:19:12Z,apex_products_1.xml,
https://lacasadelascarcasas.es/samsung/samsung-galaxy-a52s-5g/funda-brillantes-para-samsung-galaxy-a52s-5g-p/,shopify,product,2026-05-25T17:19:12Z,apex_products_1.xml,
https://lacasadelascarcasas.es/samsung/samsung-galaxy-s21-ultra/funda-brillantes-para-samsung-galaxy-s21-ultra-p/,shopify,product,2026-05-25T17:19:12Z,apex_products_1.xml,
https://lacasadelascarcasas.es/samsung/samsung-galaxy-s21/funda-brillantes-para-samsung-galaxy-s21-p/,shopify,product,2026-05-25T17:19:12Z,apex_products_1.xml,
https://lacasadelascarcasas.es/samsung/samsung-galaxy-a36-5g/funda-multiperlitas-para-samsung-galaxy-a36-5g-p/,shopify,product,2026-05-25T17:19:12Z,apex_products_1.xml,
https://lacasadelascarcasas.es/samsung/samsung-galaxy-a56-5g/funda-multiperlitas-para-samsung-galaxy-a56-5g-p/,shopify,product,2026-05-25T17:19:12Z,apex_products_1.xml,
https://lacasadelascarcasas.es/apple/iphone-16-pro/funda-multiperlitas-para-iphone-16-pro-p/,shopify,product,2026-05-25T17:19:12Z,apex_products_1.xml,
https://lacasadelascarcasas.es/samsung/samsung-galaxy-z-flip3/funda-degradada-para-samsung-galaxy-z-flip3-p/,shopify,product,2026-05-25T17:19:12Z,apex_products_1.xml,
https://lacasadelascarcasas.es/apple/iphone-14-plus/funda-ultra-suave-logo-para-iphone-14-plus-p/,shopify,product,2026-05-25T17:19:12Z,apex_products_1.xml,
https://lacasadelascarcasas.es/apple/iphone-13-pro/funda-ultra-suave-logo-para-iphone-13-pro-p/,shopify,product,2026-05-25T17:19:12Z,apex_products_1.xml,
https://lacasadelascarcasas.es/apple/iphone-16-plus/funda-business-compatible-con-magsafe-para-iphone-16-plus-p/,shopify,product,2026-05-25T17:19:12Z,apex_products_1.xml,
https://lacasadelascarcasas.es/apple/iphone-16/funda-business-compatible-con-magsafe-para-iphone-16-p/,shopify,product,2026-05-25T17:19:12Z,apex_products_1.xml,
https://lacasadelascarcasas.es/apple/iphone-15-pro/funda-business-compatible-con-magsafe-para-iphone-15-pro-p/,shopify,product,2026-05-25T17:19:12Z,apex_products_1.xml,
https://lacasadelascarcasas.es/apple/iphone-14-pro-max/funda-business-compatible-con-magsafe-para-iphone-14-pro-max-p/,shopify,product,2026-05-25T17:19:12Z,apex_products_1.xml,
https://lacasadelascarcasas.es/apple/iphone-14-plus/funda-business-compatible-con-magsafe-para-iphone-14-plus-p/,shopify,product,2026-05-25T17:19:12Z,apex_products_1.xml,
https://lacasadelascarcasas.es/apple/iphone-13-pro-max/funda-business-compatible-con-magsafe-para-iphone-13-pro-max-p/,shopify,product,2026-05-25T17:19:12Z,apex_products_1.xml,
https://lacasadelascarcasas.es/samsung/samsung-galaxy-a36-5g/funda-bumper-reforzada-degradada-para-samsung-galaxy-a36-5g-p/,shopify,product,2026-05-25T17:19:12Z,apex_products_1.xml,
https://lacasadelascarcasas.es/samsung/samsung-galaxy-a56-5g/funda-bumper-reforzada-degradada-para-samsung-galaxy-a56-5g-p/,shopify,product,2026-05-25T17:19:12Z,apex_products_1.xml,
https://lacasadelascarcasas.es/samsung/samsung-galaxy-a16-5g/funda-bumper-reforzada-degradada-para-samsung-galaxy-a16-5g-p/,shopify,product,2026-05-25T17:19:12Z,apex_products_1.xml,
https://lacasadelascarcasas.es/apple/iphone-16-plus/funda-bumper-reforzada-degradada-para-iphone-16-plus-p/,shopify,product,2026-05-25T17:19:12Z,apex_products_1.xml,
https://lacasadelascarcasas.es/samsung/samsung-galaxy-s23-ultra/funda-bumper-reforzada-degradada-compatible-con-magsafe-para-samsung-galaxy-s23-ultra-p/,shopify,product,2026-05-25T17:19:12Z,apex_products_1.xml,
https://lacasadelascarcasas.es/apple/iphone-15/funda-bumper-reforzada-degradada-compatible-con-magsafe-para-iphone-15-p/,shopify,product,2026-05-25T17:19:12Z,apex_products_1.xml,
https://lacasadelascarcasas.es/apple/iphone-14-plus/funda-bumper-reforzada-degradada-compatible-con-magsafe-para-iphone-14-plus-p/,shopify,product,2026-05-25T17:19:12Z,apex_products_1.xml,
https://lacasadelascarcasas.es/apple/iphone-12-pro-max/funda-bumper-compatible-con-magsafe-con-cubre-camara-para-iphone-12-pro-max-p/,shopify,product,2026-05-25T17:19:12Z,apex_products_1.xml,
https://lacasadelascarcasas.es/apple/iphone-11/funda-bumper-compatible-con-magsafe-con-cubre-camara-para-iphone-11-p/,shopify,product,2026-05-25T17:19:12Z,apex_products_1.xml,
https://lacasadelascarcasas.es/apple/iphone-14-pro/funda-bumper-compatible-con-magsafe-con-cubre-camara-para-iphone-14-pro-p/,shopify,product,2026-05-25T17:19:12Z,apex_products_1.xml,
https://lacasadelascarcasas.es/apple/iphone-13/funda-bumper-compatible-con-magsafe-con-cubre-camara-para-iphone-13-p/,shopify,product,2026-05-25T17:19:12Z,apex_products_1.xml,
https://lacasadelascarcasas.es/samsung/samsung-galaxy-s25-edge/funda-bumper-compatible-con-magsafe-para-samsung-galaxy-s25-edge-p/,shopify,product,2026-05-25T17:19:12Z,apex_products_1.xml,
https://lacasadelascarcasas.es/samsung/samsung-galaxy-s25-plus/funda-bumper-compatible-con-magsafe-para-samsung-galaxy-s25-plus-p/,shopify,product,2026-05-25T17:19:12Z,apex_products_1.xml,
https://lacasadelascarcasas.es/apple/iphone-11-pro-max/funda-bumper-compatible-con-magsafe-para-iphone-11-pro-max-p/,shopify,product,2026-05-25T17:19:12Z,apex_products_1.xml,
https://lacasadelascarcasas.es/apple/iphone-11-pro/funda-bumper-compatible-con-magsafe-para-iphone-11-pro-p/,shopify,product,2026-05-25T17:19:12Z,apex_products_1.xml,
https://lacasadelascarcasas.es/apple/iphone-14/funda-bumper-compatible-con-magsafe-para-iphone-14-p/,shopify,product,2026-05-25T17:19:12Z,apex_products_1.xml,
https://lacasadelascarcasas.es/apple/iphone-13/funda-bumper-compatible-con-magsafe-para-iphone-13-p/,shopify,product,2026-05-25T17:19:12Z,apex_products_1.xml,
https://lacasadelascarcasas.es/apple/iphone-16e/funda-bumper-eco-para-iphone-16e-p/,shopify,product,2026-05-25T17:19:12Z,apex_products_1.xml,
https://lacasadelascarcasas.es/apple/iphone-16-pro-max/funda-bumper-eco-para-iphone-16-pro-max-p/,shopify,product,2026-05-25T17:19:12Z,apex_products_1.xml,
https://lacasadelascarcasas.es/apple/iphone-14-pro/funda-bumper-eco-para-iphone-14-pro-p/,shopify,product,2026-05-25T17:19:12Z,apex_products_1.xml,
https://lacasadelascarcasas.es/apple/iphone-14-pro-max/funda-bumper-eco-para-iphone-14-pro-max-p/,shopify,product,2026-05-25T17:19:12Z,apex_products_1.xml,
https://lacasadelascarcasas.es/apple/iphone-12/funda-bumper-eco-para-iphone-12-p/,shopify,product,2026-05-25T17:19:12Z,apex_products_1.xml,
https://lacasadelascarcasas.es/oppo/oppo-reno-12-f/funda-bumper-3-en-1-para-oppo-reno-12-f-p/,shopify,product,2026-05-25T17:19:12Z,apex_products_1.xml,
https://lacasadelascarcasas.es/samsung/samsung-galaxy-a26-5g/funda-bumper-3-en-1-para-samsung-galaxy-a26-5g-p/,shopify,product,2026-05-25T17:19:12Z,apex_products_1.xml,
https://lacasadelascarcasas.es/samsung/samsung-galaxy-a16-5g/funda-bumper-3-en-1-para-samsung-galaxy-a16-5g-p/,shopify,product,2026-05-25T17:19:12Z,apex_products_1.xml,
https://lacasadelascarcasas.es/xiaomi/xiaomi-redmi-a2/funda-bumper-3-en-1-para-xiaomi-redmi-a2-p/,shopify,product,2026-05-25T17:19:12Z,apex_products_1.xml,
https://lacasadelascarcasas.es/samsung/samsung-galaxy-m22/funda-bumper-3-en-1-para-samsung-galaxy-m22-p/,shopify,product,2026-05-25T17:19:12Z,apex_products_1.xml,
https://lacasadelascarcasas.es/xiaomi/xiaomi-redmi-note-13-4g/funda-bumper-3-en-1-para-xiaomi-redmi-note-13-4g-p/,shopify,product,2026-05-25T17:19:12Z,apex_products_1.xml,
https://lacasadelascarcasas.es/samsung/samsung-galaxy-a55-5g/funda-bumper-3-en-1-para-samsung-galaxy-a55-5g-p/,shopify,product,2026-05-25T17:19:12Z,apex_products_1.xml,
https://lacasadelascarcasas.es/xiaomi/xiaomi-redmi-note-11/funda-bumper-3-en-1-para-xiaomi-redmi-note-11-p/,shopify,product,2026-05-25T17:19:12Z,apex_products_1.xml,
https://lacasadelascarcasas.es/samsung/samsung-galaxy-a35-5g/funda-bumper-3-en-1-para-samsung-galaxy-a35-5g-p/,shopify,product,2026-05-25T17:19:12Z,apex_products_1.xml,
https://lacasadelascarcasas.es/samsung/samsung-galaxy-a23-5g/funda-bumper-3-en-1-para-samsung-galaxy-a23-5g-p/,shopify,product,2026-05-25T17:19:12Z,apex_products_1.xml,
https://lacasadelascarcasas.es/samsung/samsung-galaxy-a12/funda-bumper-3-en-1-para-samsung-galaxy-a12-p/,shopify,product,2026-05-25T17:19:12Z,apex_products_1.xml,
https://lacasadelascarcasas.es/oppo/oppo-a15/funda-ultra-suave-para-oppo-a15-p/,shopify,product,2026-05-25T17:19:12Z,apex_products_1.xml,
https://lacasadelascarcasas.es/samsung/samsung-galaxy-note20/funda-ultra-suave-para-samsung-galaxy-note20-p/,shopify,product,2026-05-25T17:19:12Z,apex_products_1.xml,
https://lacasadelascarcasas.es/apple/iphone-12/funda-ultra-suave-para-iphone-12-p/,shopify,product,2026-05-25T17:19:12Z,apex_products_1.xml,
https://lacasadelascarcasas.es/samsung/samsung-galaxy-a31/funda-ultra-suave-para-samsung-galaxy-a31-p/,shopify,product,2026-05-25T17:19:12Z,apex_products_1.xml,
https://lacasadelascarcasas.es/apple/iphone-11/funda-ultra-suave-para-iphone-11-p/,shopify,product,2026-05-25T17:19:12Z,apex_products_1.xml,
https://lacasadelascarcasas.es/samsung/samsung-galaxy-a70/funda-ultra-suave-para-samsung-galaxy-a70-p/,shopify,product,2026-05-25T17:19:12Z,apex_products_1.xml,
https://lacasadelascarcasas.es/huawei/huawei-y7-2019/funda-ultra-suave-para-huawei-y7-2019-p/,shopify,product,2026-05-25T17:19:12Z,apex_products_1.xml,
https://lacasadelascarcasas.es/apple/iphone-14/funda-iron-logo-compatible-con-magsafe-para-iphone-14-p/,shopify,product,2026-05-25T17:19:12Z,apex_products_1.xml,
https://lacasadelascarcasas.es/apple/iphone-14-pro/funda-iron-logo-compatible-con-magsafe-para-iphone-14-pro-p/,shopify,product,2026-05-25T17:19:12Z,apex_products_1.xml,
https://lacasadelascarcasas.es/apple/iphone-14-pro-max/funda-iron-logo-compatible-con-magsafe-para-iphone-14-pro-max-p/,shopify,product,2026-05-25T17:19:12Z,apex_products_1.xml,
https://lacasadelascarcasas.es/apple/iphone-15/funda-iron-logo-compatible-con-magsafe-para-iphone-15-p/,shopify,product,2026-05-25T17:19:12Z,apex_products_1.xml,
https://lacasadelascarcasas.es/apple/iphone-16-plus/funda-glitter-business-compatible-con-magsafe-para-iphone-16-plus-p/,shopify,product,2026-05-25T17:19:12Z,apex_products_1.xml,
https://lacasadelascarcasas.es/apple/iphone-16-pro/funda-glitter-business-compatible-con-magsafe-para-iphone-16-pro-p/,shopify,product,2026-05-25T17:19:12Z,apex_products_1.xml,
https://lacasadelascarcasas.es/apple/iphone-15/funda-glitter-business-compatible-con-magsafe-para-iphone-15-p/,shopify,product,2026-05-25T17:19:12Z,apex_products_1.xml,
https://lacasadelascarcasas.es/apple/iphone-12/funda-glitter-business-compatible-con-magsafe-para-iphone-12-p/,shopify,product,2026-05-25T17:19:12Z,apex_products_1.xml,
https://lacasadelascarcasas.es/samsung/samsung-galaxy-s24/funda-ultra-suave-compatible-con-magsafe-para-samsung-galaxy-s24-p/,shopify,product,2026-05-25T17:19:12Z,apex_products_1.xml,
https://lacasadelascarcasas.es/samsung/samsung-galaxy-s24-ultra/funda-ultra-suave-compatible-con-magsafe-para-samsung-galaxy-s24-ultra-p/,shopify,product,2026-05-25T17:19:12Z,apex_products_1.xml,
https://lacasadelascarcasas.es/samsung/samsung-galaxy-s23-ultra/funda-ultra-suave-compatible-con-magsafe-para-samsung-galaxy-s23-ultra-p/,shopify,product,2026-05-25T17:19:12Z,apex_products_1.xml,
https://lacasadelascarcasas.es/apple/iphone-14-plus/funda-ultra-suave-compatible-con-magsafe-para-iphone-14-plus-p/,shopify,product,2026-05-25T17:19:12Z,apex_products_1.xml,
https://lacasadelascarcasas.es/apple/iphone-12-mini/funda-ultra-suave-compatible-con-magsafe-para-iphone-12-mini-p/,shopify,product,2026-05-25T17:19:12Z,apex_products_1.xml,
https://lacasadelascarcasas.es/apple/iphone-14/funda-ultra-suave-compatible-con-magsafe-para-iphone-14-p/,shopify,product,2026-05-25T17:19:12Z,apex_products_1.xml,
https://lacasadelascarcasas.es/samsung/samsung-galaxy-a55-5g/funda-360-para-samsung-galaxy-a55-5g-p/,shopify,product,2026-05-25T17:19:12Z,apex_products_1.xml,
https://lacasadelascarcasas.es/apple/iphone-15/funda-360-para-iphone-15-p/,shopify,product,2026-05-25T17:19:12Z,apex_products_1.xml,
https://lacasadelascarcasas.es/apple/iphone-15-pro-max/funda-360-para-iphone-15-pro-max-p/,shopify,product,2026-05-25T17:19:12Z,apex_products_1.xml,
https://lacasadelascarcasas.es/apple/iphone-11/funda-360-para-iphone-11-p/,shopify,product,2026-05-25T17:19:12Z,apex_products_1.xml,
https://lacasadelascarcasas.es/apple/iphone-16-pro-max/funda-360-para-iphone-16-pro-max-p/,shopify,product,2026-05-25T17:19:12Z,apex_products_1.xml,
https://lacasadelascarcasas.es/samsung/samsung-galaxy-tab-s10-ultra/fundas-tablet-para-samsung-galaxy-tab-s10-ultra-p/,shopify,product,2026-05-25T17:19:12Z,apex_products_1.xml,
https://lacasadelascarcasas.es/apple/iphone-12/funda-bumper-con-vaso-de-purpurina-para-iphone-12-p/,shopify,product,2026-05-25T17:19:12Z,apex_products_1.xml,
https://lacasadelascarcasas.es/apple/iphone-11/funda-bumper-con-vaso-de-purpurina-para-iphone-11-p/,shopify,product,2026-05-25T17:19:12Z,apex_products_1.xml,
https://lacasadelascarcasas.es/apple/iphone-16-pro-max/funda-ultra-suave-colgante-para-iphone-16-pro-max-p/,shopify,product,2026-05-25T17:19:12Z,apex_products_1.xml,
https://lacasadelascarcasas.es/apple/iphone-16-pro/funda-ultra-suave-colgante-para-iphone-16-pro-p/,shopify,product,2026-05-25T17:19:12Z,apex_products_1.xml,
https://lacasadelascarcasas.es/apple/iphone-15/funda-ultra-suave-colgante-para-iphone-15-p/,shopify,product,2026-05-25T17:19:12Z,apex_products_1.xml,
https://lacasadelascarcasas.es/apple/iphone-14-pro/funda-ultra-suave-colgante-para-iphone-14-pro-p/,shopify,product,2026-05-25T17:19:12Z,apex_products_1.xml,
https://lacasadelascarcasas.es/apple/accesorios-iphone/cristal-templado-irrompible-mate-para-iphone-16-p/,shopify,product,2026-05-25T17:19:12Z,apex_products_1.xml,
https://lacasadelascarcasas.es/apple/accesorios-iphone/cristal-templado-transparente-para-iphone-16-p/,shopify,product,2026-05-25T17:19:12Z,apex_products_1.xml,
https://lacasadelascarcasas.es/apple/accesorios-iphone/cubre-objetivo-fluorescente-para-iphone-16-p/,shopify,product,2026-05-25T17:19:12Z,apex_products_1.xml,
https://lacasadelascarcasas.es/xiaomi/xiaomi-poco-m6-pro-4g/funda-bumper-3-en-1-para-xiaomi-poco-m6-pro-4g-p/,shopify,product,2026-05-25T17:19:12Z,apex_products_1.xml,
https://lacasadelascarcasas.es/samsung/samsung-galaxy-s25-plus/funda-brillantes-para-samsung-galaxy-s25-plus-p/,shopify,product,2026-05-25T17:19:12Z,apex_products_1.xml,
https://lacasadelascarcasas.es/samsung/samsung-galaxy-a16-5g/funda-brillantes-para-samsung-galaxy-a16-5g-p/,shopify,product,2026-05-25T17:19:12Z,apex_products_1.xml,
https://lacasadelascarcasas.es/samsung/samsung-galaxy-a15-5g/funda-brillantes-para-samsung-galaxy-a15-5g-p/,shopify,product,2026-05-25T17:19:12Z,apex_products_1.xml,
https://lacasadelascarcasas.es/xiaomi/xiaomi-redmi-13c/funda-brillantes-para-xiaomi-redmi-13c-p/,shopify,product,2026-05-25T17:19:12Z,apex_products_1.xml,
https://lacasadelascarcasas.es/samsung/samsung-galaxy-s24-ultra/funda-brillantes-para-samsung-galaxy-s24-ultra-p/,shopify,product,2026-05-25T17:19:12Z,apex_products_1.xml,
https://lacasadelascarcasas.es/apple/iphone-15/funda-brillantes-para-iphone-15-p/,shopify,product,2026-05-25T17:19:12Z,apex_products_1.xml,
https://lacasadelascarcasas.es/samsung/samsung-galaxy-a14-5g/funda-brillantes-para-samsung-galaxy-a14-5g-p/,shopify,product,2026-05-25T17:19:12Z,apex_products_1.xml,
https://lacasadelascarcasas.es/samsung/samsung-galaxy-a33-5g/funda-brillantes-para-samsung-galaxy-a33-5g-p/,shopify,product,2026-05-25T17:19:12Z,apex_products_1.xml,
https://lacasadelascarcasas.es/samsung/samsung-galaxy-a53/funda-brillantes-para-samsung-galaxy-a53-p/,shopify,product,2026-05-25T17:19:12Z,apex_products_1.xml,
https://lacasadelascarcasas.es/samsung/samsung-galaxy-s22-ultra/funda-brillantes-para-samsung-galaxy-s22-ultra-p/,shopify,product,2026-05-25T17:19:12Z,apex_products_1.xml,
https://lacasadelascarcasas.es/samsung/samsung-galaxy-a12/funda-brillantes-para-samsung-galaxy-a12-p/,shopify,product,2026-05-25T17:19:12Z,apex_products_1.xml,
https://lacasadelascarcasas.es/samsung/samsung-galaxy-s20-fe/funda-brillantes-para-samsung-galaxy-s20-fe-p/,shopify,product,2026-05-25T17:19:12Z,apex_products_1.xml,
https://lacasadelascarcasas.es/frontpage/,shopify,collection,2026-05-25T16:16:22Z,apex_collections_1.xml,shopify_legacy_collection
https://lacasadelascarcasas.es/inkybay-all/,shopify,collection,2026-05-25T16:24:43Z,apex_collections_1.xml,shopify_legacy_collection
https://lacasadelascarcasas.es/all/,shopify,collection,2026-05-25T16:24:43Z,apex_collections_1.xml,shopify_legacy_collection
https://lacasadelascarcasas.es/fundas/compatible-con-magsafe/,shopify,collection,2026-05-25T11:21:21Z,apex_collections_1.xml,
https://lacasadelascarcasas.es/fundas/basicos/,shopify,collection,2026-05-25T11:21:21Z,apex_collections_1.xml,
https://lacasadelascarcasas.es/fundas/transparentes/,shopify,collection,2026-05-25T11:21:21Z,apex_collections_1.xml,
https://lacasadelascarcasas.es/colecciones/antiyellow/,shopify,collection,2026-05-25T11:21:21Z,apex_collections_1.xml,
https://lacasadelascarcasas.es/fundas/maxima-proteccion/,shopify,collection,2026-05-25T11:21:21Z,apex_collections_1.xml,
https://lacasadelascarcasas.es/fundas/brillo-y-color/,shopify,collection,2026-05-25T11:21:21Z,apex_collections_1.xml,
https://lacasadelascarcasas.es/apple/,shopify,collection,2026-05-25T11:21:21Z,apex_collections_1.xml,
https://lacasadelascarcasas.es/iphone-16-pro/,shopify,collection,2026-05-25T11:21:20Z,apex_collections_1.xml,
https://lacasadelascarcasas.es/samsung/,shopify,collection,2026-05-25T16:16:22Z,apex_collections_1.xml,
https://lacasadelascarcasas.es/xiaomi/,shopify,collection,2026-05-25T11:21:21Z,apex_collections_1.xml,
https://lacasadelascarcasas.es/google/,shopify,collection,2026-05-25T11:21:20Z,apex_collections_1.xml,
https://lacasadelascarcasas.es/huawei/,shopify,collection,2026-05-25T16:16:27Z,apex_collections_1.xml,
https://lacasadelascarcasas.es/oppo/,shopify,collection,2026-05-25T11:21:21Z,apex_collections_1.xml,
https://lacasadelascarcasas.es/fundas/,shopify,collection,2026-05-25T11:21:21Z,apex_collections_1.xml,
https://lacasadelascarcasas.es/accesorios/,shopify,collection,2026-05-25T11:21:21Z,apex_collections_1.xml,
https://lacasadelascarcasas.es/apple/accesorios-iphone/,shopify,collection,2026-05-25T11:21:20Z,apex_collections_1.xml,
https://lacasadelascarcasas.es/samsung/accesorios-samsung/,shopify,collection,2026-05-25T16:16:22Z,apex_collections_1.xml,
https://lacasadelascarcasas.es/accesorios/powerbank/,shopify,collection,2026-05-25T11:21:21Z,apex_collections_1.xml,
https://lacasadelascarcasas.es/accesorios/auriculares/,shopify,collection,2026-05-24T11:19:50Z,apex_collections_1.xml,
https://lacasadelascarcasas.es/xiaomi/accesorios-xiaomi/,shopify,collection,2026-05-25T11:21:21Z,apex_collections_1.xml,
https://lacasadelascarcasas.es/huawei/accesorios-huawei/,shopify,collection,2026-05-24T11:19:50Z,apex_collections_1.xml,
https://lacasadelascarcasas.es/oppo/accesorios-oppo/,shopify,collection,2026-05-22T07:15:02Z,apex_collections_1.xml,
https://lacasadelascarcasas.es/cristal-templado/,shopify,collection,2026-05-25T11:21:21Z,apex_collections_1.xml,
